sender,subject,body,category
EYJobAlerts@noreply12.jobs2web.com,New jobs posted from careers.ey.com,,Reminders - 2
IKEA Family <ikea@news.email.ikea.ca>,"Rakshith, get rewarded for what you're already doing ðŸ¤¯","

IKEA  
 
  
 

 


https://view.news.email.ikea.ca/?qs=fdbfc612b4389495254af8e8cf7209db58f18655bd717fc8891a9aa152290d060cb9cc1defbcc9d55e21b854d51e88c35dd43c62e7a4827e70c3eb0ce950d15373ad8f8c75bb7537d842be35366e0035 

 Can't see any images? Click here to get inspired.
  

https://click.news.email.ikea.ca/?qs=71bdac0b25a6d1149bed0a1b8f94eecc3c53f0fd1ac8c54f50c94dbcc4d267fdac8834656f2ddcc471e56286a3449426d764c3d9edabc3095aada7b2ab39570e 

https://click.news.email.ikea.ca/?qs=71bdac0b25a6d1149bed0a1b8f94eecc3c53f0fd1ac8c54f50c94dbcc4d267fdac8834656f2ddcc471e56286a3449426d764c3d9edabc3095aada7b2ab39570e 


 Rakshith Kumar Karkala


 
 
 
 

 6275980397128461395
 

5 points 
 

 
 
 
 https://click.news.email.ikea.ca/?qs=71bdac0b25a6d11495fb915527297fb951f2e944b33756a5abb3ae7db49a0be4f6269f14643119c6a20286ceb10faf58b42e04d1b1b6a623c0509a3d3b2bf60f 

https://click.news.email.ikea.ca/?qs=71bdac0b25a6d11495fb915527297fb951f2e944b33756a5abb3ae7db49a0be4f6269f14643119c6a20286ceb10faf58b42e04d1b1b6a623c0509a3d3b2bf60f 


 
 




 
 


 
 
https://click.news.email.ikea.ca/?qs=71bdac0b25a6d11445134fd1a64d59094c2e1ffcd223f64282e8da722dfb3ad86d387cdd016b19b70b46242fe2b565cd65582d0b7f44aa5a 

https://click.news.email.ikea.ca/?qs=71bdac0b25a6d11445134fd1a64d59094c2e1ffcd223f64282e8da722dfb3ad86d387cdd016b19b70b46242fe2b565cd65582d0b7f44aa5a 

 Shopping just
got even more rewarding 
 You can now collect points
and unlock rewards on top of your existing benefits! To get started, just keep
doing what youâ€™re doing â€“ logging in, saving favourites lists, making purchases
and more. But remember to scan your IKEA
Family card when shopping in-store to start collecting points
today. 

https://click.news.email.ikea.ca/?qs=71bdac0b25a6d11445134fd1a64d59094c2e1ffcd223f64282e8da722dfb3ad86d387cdd016b19b70b46242fe2b565cd65582d0b7f44aa5a 
 Learn more  
https://click.news.email.ikea.ca/?qs=71bdac0b25a6d11445134fd1a64d59094c2e1ffcd223f64282e8da722dfb3ad86d387cdd016b19b70b46242fe2b565cd65582d0b7f44aa5a 
 Learn more
 


   



  Unlock handy, helpful
and tasty rewards 


 
https://click.news.email.ikea.ca/?qs=71bdac0b25a6d1148a9f07491854c112463d394d704d2b9d482ae7efec24f46ba6bca457500710d3e89e8408fbf336fb91f75cac7bdf60fc 

https://click.news.email.ikea.ca/?qs=71bdac0b25a6d1148a9f07491854c112463d394d704d2b9d482ae7efec24f46ba6bca457500710d3e89e8408fbf336fb91f75cac7bdf60fc 

 Give your space that final touch 
 Starting from 50 points,
enjoy a product voucher and bring your space together with the perfect home
furnishing accessories. 

https://click.news.email.ikea.ca/?qs=71bdac0b25a6d1148a9f07491854c112463d394d704d2b9d482ae7efec24f46ba6bca457500710d3e89e8408fbf336fb91f75cac7bdf60fc 
Get rewarded   


 
https://click.news.email.ikea.ca/?qs=71bdac0b25a6d1148a9f07491854c112463d394d704d2b9d482ae7efec24f46ba6bca457500710d3e89e8408fbf336fb91f75cac7bdf60fc 

https://click.news.email.ikea.ca/?qs=71bdac0b25a6d1148a9f07491854c112463d394d704d2b9d482ae7efec24f46ba6bca457500710d3e89e8408fbf336fb91f75cac7bdf60fc 

 We can get your order from A to B 
 Unsure how to get your
next purchase home? At 400 points you can unlock the delivery voucher and let
us do the heavy lifting. 

https://click.news.email.ikea.ca/?qs=71bdac0b25a6d1148a9f07491854c112463d394d704d2b9d482ae7efec24f46ba6bca457500710d3e89e8408fbf336fb91f75cac7bdf60fc 
Tell me more   


 
https://click.news.email.ikea.ca/?qs=71bdac0b25a6d1148a9f07491854c112463d394d704d2b9d482ae7efec24f46ba6bca457500710d3e89e8408fbf336fb91f75cac7bdf60fc 

https://click.news.email.ikea.ca/?qs=71bdac0b25a6d1148a9f07491854c112463d394d704d2b9d482ae7efec24f46ba6bca457500710d3e89e8408fbf336fb91f75cac7bdf60fc 

 Grab a bite to eat with IKEA Family
 Everything tastes better
when itâ€™s free. At just 100 points, unlock a meal voucher and enjoy a tasty
bite to eat on us at our in-store Swedish Restaurant. 

https://click.news.email.ikea.ca/?qs=71bdac0b25a6d1148a9f07491854c112463d394d704d2b9d482ae7efec24f46ba6bca457500710d3e89e8408fbf336fb91f75cac7bdf60fc 
Taste the
rewards   


 
https://click.news.email.ikea.ca/?qs=71bdac0b25a6d11445134fd1a64d59094c2e1ffcd223f64282e8da722dfb3ad86d387cdd016b19b70b46242fe2b565cd65582d0b7f44aa5a 
 Get started  
https://click.news.email.ikea.ca/?qs=71bdac0b25a6d11445134fd1a64d59094c2e1ffcd223f64282e8da722dfb3ad86d387cdd016b19b70b46242fe2b565cd65582d0b7f44aa5a 
 Get started  


   



 


 


5 points
 

 Total points as of 5/29/2025
 

 
 
 
 IKEA Family
 

 Rakshith Kumar Karkala
 
 

 
 


 
 
https://click.news.email.ikea.ca/?qs=71bdac0b25a6d11449badfd382012247f4d0e31d814993d78b2d43c45db4de34a7d665f1dba1c7a52e26920ca026c26a699e2a82002318bd084098ea032b82df 

https://click.news.email.ikea.ca/?qs=71bdac0b25a6d11449badfd382012247f4d0e31d814993d78b2d43c45db4de34a7d665f1dba1c7a52e26920ca026c26a699e2a82002318bd084098ea032b82df 


 
 
 
https://click.news.email.ikea.ca/?qs=71bdac0b25a6d114c732230385c1358252ce5fc26d2b76a20b4d4160951996e3bd105c142061169104f9c390e7c33aef806c90cef6f385bed056c24926d33573 

https://click.news.email.ikea.ca/?qs=71bdac0b25a6d114c732230385c1358252ce5fc26d2b76a20b4d4160951996e3bd105c142061169104f9c390e7c33aef806c90cef6f385bed056c24926d33573 


 
 







  
 Stock availability for products showcased in our images may vary. Please check online or the IKEA app to see product availability at your local store.
 


  
 
https://click.news.email.ikea.ca/?qs=71bdac0b25a6d114fd120c056c15f957131691530c251bdbbb9a2e429131494d996235cec5d4542db482d6aa39b291b0080a5f7cd39fcc12a89d766c672035ad 

https://click.news.email.ikea.ca/?qs=71bdac0b25a6d114fd120c056c15f957131691530c251bdbbb9a2e429131494d996235cec5d4542db482d6aa39b291b0080a5f7cd39fcc12a89d766c672035ad 


 
  
 
 Bring Home to Lifeâ„¢
 

 
 
  
 https://click.news.email.ikea.ca/?qs=71bdac0b25a6d114418d32e995d97ee00466015ada44a0d1f23274922864381946ddb3ba04f2d81cf9e0a4bc7e327933e2e80774a5027422d778f1e329655a17 

 
 
 https://click.news.email.ikea.ca/?qs=71bdac0b25a6d1148b05088bb94add56896609895f2991f5ca48a559d72f0ae1b29b8ab309d3ba008cf4df7914a28f4fcb02072d215914a6312c32962177d389 

 
 https://click.news.email.ikea.ca/?qs=71bdac0b25a6d114fbbe520a76953174d6b4dccf809c3f4529bed4ec0a7b2b2ddd172213899d6ea46625e679f3193a78c8128ac5c204067eca8a0820e1ac5752 

 
  
 https://click.news.email.ikea.ca/?qs=71bdac0b25a6d114e3a1216603fe99ffc61a576bb37296dae7d32e1fbfd064b802bcf3ecbf0092dc225bf497ab961e6bbdf12dc4614d710d014590336c330e72 

 
 https://click.news.email.ikea.ca/?qs=71bdac0b25a6d1142a5e4fbf8cb7abd05e202e231fed951b54896ee66b1be6268859c20105e45ddb5b8f5f30fac21016291e0ca07105af20b42c2bd1751479be 

 
 
 
 
 https://click.news.email.ikea.ca/?qs=71bdac0b25a6d11464bff518aea916067ca24848f1c0fdeccad4c3357f265bccb57b5fc822e8aa2adffe4d1e7ba6b8298366d3e9b08681ac6587148def891078 

 
 


 
 
 
 
 
 Check out what's going on at your 
 
https://click.news.email.ikea.ca/?qs=71bdac0b25a6d11432410882c1c31d4641a5f55a09c0866751e53d1585a7e6b0a0455d279dba6728103dd7ba90779a04c71fa418548ad0b8ed6470f816bfb485 
local store 
 

 
 
 
 
 
 
  
 
 
 
 
 
 https://click.news.email.ikea.ca/?qs=71bdac0b25a6d11475e12f1bdd2697d7be942ca2d0a7156fd166f23f61103f4b941546b917125db7f89b1bdf388866b587862a933884c4eb4c6189a81f73dc50 
Contact us   |  
 
 
 https://click.news.email.ikea.ca/?qs=71bdac0b25a6d1143aeef2e9e0e8eb0422c9c335d2920d2893f2822587f8763fe745872612d7210933069a3f8cac853d3c83be6a288a9a98c8af46e9510b4efb 
Terms and conditions   |  
 
 
 https://click.news.email.ikea.ca/?qs=71bdac0b25a6d11400171c59eab9ddbdfe24697a312d19ec0b5c3bc0253683d96f4f534d3047e3dab3bd5e21776a7bbc0956a95b2509decf13a303de42f8ca41 
Privacy policy   |  
 
 https://click.news.email.ikea.ca/?qs=71bdac0b25a6d114eba7a8c5b44fc7d871b40c41f8520e60f2246412bec0e5c9a8cf62b8307629d1cbd7a10667741af2f1763d4407f6f3dc5f0a8ce15d1dddd3 
Unsubscribe 
  
 |  
https://click.news.email.ikea.ca/?qs=71bdac0b25a6d114c3b4b19dc41a4211fcb5096c4dfbe51fdb3aaa964d0a5ce37acc3b5d4823f5494007a9ac6099d3dc7626941b95633c8cd3b53a85f12d9bde 
Update Profile 
 
 
 

 
  This email is sent from IKEA Â© Inter IKEA Systems B.V.  2025 IKEA Canada Head Office | 1065 Plains Rd E, Burlington, ON, L7T 4K1 CA | 1 866 866 IKEA (4532)
 

 
 



 
 


  
 

 
 
 ",Reminders - 2
Apple <no_reply@email.apple.com>,Billing Problem,"














 
Billing Problem


Â 



Â 

Â 










Apple One


                            Individual (1Â month)                        



                                                          $22.95/month
                                                      

Billing Problem





Â 

Â 
Â 


Dear Rakshith,





To avoid interruption to your service, please update your payment information or add funds to your account.






Update Payment Information



Â 


Regards,Apple


Â 


For help with subscriptions and purchases, visit Apple Support.





Â 








Â 



AppleÂ AccountÂ â€¢Â Terms of SaleÂ â€¢Â Privacy Policy



Â 



                        Copyright Â© 2025 Apple Canada, Inc. 
All rights reserved



Â 



",Transportation - 3
"""hirist.tech"" <info@hirist.tech>",DevOps Engineer (6-10 yrs),Please Enable HTML,Reminders - 2
Marvel Entertainment <marvel@mail.marvel.com>,Happy Free RPG Day | Marvel Multiverse RPG," 
 
http://click.mail.marvel.com/?qs=b8f441b6e7273806abc7d8962d2e0a29fc094aa94e20b44c7f7defe4ab834a62a74182e044827281c440dfd97414eeecc0705f6d7a035259f38460466f347d7d
 
 
http://click.mail.marvel.com/?qs=b8f441b6e72738061846aef004c4111f472927a8365d79f362e0a342be2078409f8a3f35962db0a82b8c8838d14324c1116987d458be67d8318bf05f6b51f5a4
 
http://click.mail.marvel.com/?qs=b8f441b6e7273806b7aded32a4c2590270979f562a4eb1922817b302002d7c4ab71f00d8d6445a97d6731fb59239c799db345f55400b575e4c2feb722477d4e6
 

 Read Secret Invasion 
 Get a free digital copy of Secret Invasion #1-2. Go to marvel.com/redeem and enter the code SECRETMU.
REDEEM NOW
http://click.mail.marvel.com/?qs=b8f441b6e7273806f888cdb74537733b981092183b3aac30d9603ebf0dffab4acea47ebc1dcaee386e03053a23e71d217c210abc09bd1fc14d9b8f7d32a83090
 
http://click.mail.marvel.com/?qs=b8f441b6e7273806753cfda74b588e8716687db1dd884ab3855d7f4803da155d355a330b2c00b438a58a61c694edf827f0ea8c9a0c936ab8afcaa3096f7c3c20
 
http://click.mail.marvel.com/?qs=b8f441b6e72738060c0c84eb165667cb7394c230e8ca16f96e7c2f82a153114d5d36932cbfeb83f63bae5d8805d6b5ad4107740f95ffc599546b57befd4cf181
 
http://click.mail.marvel.com/?qs=b8f441b6e7273806cb1ed899c1f52bc58864fb7fda47a43e93c2a27eceb9e5e69b79723f39dd3312870720d05975835069e8ede3551a7f6ee6f3387745418931
 
http://click.mail.marvel.com/?qs=b8f441b6e72738062384f6667aaaa5a0f83293668263d77880ec9ff17098d95510ad0e0fbf9e7ceb26fa1f8df75c3cd139714fcaefd3d4857a9c7f699c7240a5
 
View online here
http://view.mail.marvel.com/?qs=04fbfd4b1da9db6c31151c8f8b368284fbe8042b01a019e64660c4ccf40135c6d3ee675c27fd0de3a15027957a16f2eb8aedb2974e45a5ea744569d066cac5f42eeeb8adc735d65c0cfb84d7b426969e9b04e666fde180b56aa4b2a65dec074e
.

 

 *Free Digital Comic Offer valid until 9/1/2023 11:59 PM ET. Redeem code at www.marvel.com/redeem. Marvel user account and internet connection required. Access free digital comic on Marvel Unlimited app. 

 

 Clicking on the Facebook, Twitter, Instagram, TikTok, and YouTube links will take you to their respective sites, where each site's Privacy Policy and Terms of Use will apply.

 

 This email was sent to: RAKSHITHKK40@GMAIL.COM

 

 Please do not reply to this email as this address is not monitored.

 

 This email contains an advertisement from:

 Marvel Entertainment | 1290 Avenue of the Americas | New York, NY 10104

 

 Stop all types of future commercial email 
http://click.mail.marvel.com/?qs=b8f441b6e727380669c9f39e9e41b877414c2966d406a5e7dd21e28958009e6f9a91e37b1a4387901783f42653b7eb27ae19224d87bca6fc8cc30fc8c405bcd2
 from Marvel regarding its products, services and experiences.

 

 Manage all email preferences
http://click.mail.marvel.com/?qs=b8f441b6e7273806b6a91abf0074c59fde3c1ecd38b4f3cade57b8cf07c5d41b1fc8e09a8a48ecb590e22f7e067cca133ea0f0e5dd702d781908d66901be8f5e
 with The Walt Disney Family of Companies.

 

 (C) 2023 MARVEL. All Rights Reserved.
 

",Reminders - 2
Paisabazaar Support <support@paisabazaar.com>,Rakshith! Your Credit Score might have changed !!,,Reminders - 2
"""hirist.tech"" <info@hirist.tech>",Handpicked jobs for your profile.,Please Enable HTML,Reminders - 2
Medium Daily Digest <noreply@medium.com>,Why You Keep Forgetting Words | Krystyna Trushyna in Language Lab,"Stories for Rakshithkk
@rakshithkk40 (https://medium.com/@rakshithkk40?source=email-4acab06619a6-1750492169159-digest.reader-------------------------f07c586e_bfc2_45f5_9d4d_15a1c9b23a1d)
Â·Become a member (https://medium.com/plans?source=email-4acab06619a6-1750492169159-digest.reader-------------------------f07c586e_bfc2_45f5_9d4d_15a1c9b23a1d)

Today's highlights

Krystyna Trushyna (https://medium.com/@krys_stories?source=email-4acab06619a6-1750492169159-digest.reader-5cfdd2fe197-caeaf4d816ed----0-102------------------f07c586e_bfc2_45f5_9d4d_15a1c9b23a1d-1)
inLanguage Lab (https://medium.com/language-lab?source=email-4acab06619a6-1750492169159-digest.reader-5cfdd2fe197-caeaf4d816ed----0-102------------------f07c586e_bfc2_45f5_9d4d_15a1c9b23a1d-1)

Why You Keep Forgetting Words
(and how to remember them forever)

10 min read
759
30

Devang Vashistha (https://medium.com/@devangvashistha?source=email-4acab06619a6-1750492169159-digest.reader-8993e01dcfd3-fb780c9128c0----1-109------------------f07c586e_bfc2_45f5_9d4d_15a1c9b23a1d-1)
inData Science Collective (https://medium.com/data-science-collective?source=email-4acab06619a6-1750492169159-digest.reader-8993e01dcfd3-fb780c9128c0----1-109------------------f07c586e_bfc2_45f5_9d4d_15a1c9b23a1d-1)

Training Transformers from Scratch: A Deep Dive Guide
We'll dive into training a Transformer model fromâ€¦

28 min read
323
3

Francesco  Franco (https://medium.com/@francescofranco_39234?source=email-4acab06619a6-1750492169159-digest.reader-6b1e1ba15c62-508794c62456----2-102------------------f07c586e_bfc2_45f5_9d4d_15a1c9b23a1d-1)
inT3CH (https://medium.com/h7w?source=email-4acab06619a6-1750492169159-digest.reader-6b1e1ba15c62-508794c62456----2-102------------------f07c586e_bfc2_45f5_9d4d_15a1c9b23a1d-1)

Object Detection with Python and HuggingFace Transformers
YOLO! If you're familiar with machine learning, you'llâ€¦

9 min read
361
4

Kuriko Iwai (https://medium.com/@kuriko-iwai?source=email-4acab06619a6-1750492169159-digest.reader-98111c9905da-0935d6c050ce----3-102------------------f07c586e_bfc2_45f5_9d4d_15a1c9b23a1d-1)
inTowards AI (https://medium.com/towards-artificial-intelligence?source=email-4acab06619a6-1750492169159-digest.reader-98111c9905da-0935d6c050ce----3-102------------------f07c586e_bfc2_45f5_9d4d_15a1c9b23a1d-1)

Regression in Machine Learning
Navigating model complexity and practical frameworksâ€¦

19 min read
137
2

Frost (https://medium.com/@frost1?source=email-4acab06619a6-1750492169159-digest.reader-7b722bfd1b8d-e7b574552b9a----4-73------------------f07c586e_bfc2_45f5_9d4d_15a1c9b23a1d-1)
inInfoSec Write-ups (https://medium.com/bugbountywriteup?source=email-4acab06619a6-1750492169159-digest.reader-7b722bfd1b8d-e7b574552b9a----4-73------------------f07c586e_bfc2_45f5_9d4d_15a1c9b23a1d-1)

5 Linux Commands You've Probably Never Heard Of
In this article, I will show you five Linux commandsâ€¦

4 min read
856
21

Brian Rain (https://medium.com/@brain1127?source=email-4acab06619a6-1750492169159-digest.reader--54bdd06c62bc----5-102------------------f07c586e_bfc2_45f5_9d4d_15a1c9b23a1d-1)

Mastering AI at FAANG: A Roadmap from Junior to Senior Engineer
At the FAANG giants, AI isn't killing junior developerâ€¦

12 min read
264
18

Alex Mathers (https://medium.com/@iamalexmathers?source=email-4acab06619a6-1750492169159-digest.reader--7d467bf40ec8----6-73------------------f07c586e_bfc2_45f5_9d4d_15a1c9b23a1d-1)

Six attractive behaviours that seem strange until you realise how powerful theyâ€¦
I used to struggle to make sense of attraction. Iâ€¦

3 min read
5.3K
154

Joe Njenga  (https://medium.com/@joe.njenga?source=email-4acab06619a6-1750492169159-digest.reader-440100e76000-4161c1c0b716----7-73------------------f07c586e_bfc2_45f5_9d4d_15a1c9b23a1d-1)
inGenerative AI (https://medium.com/generative-ai?source=email-4acab06619a6-1750492169159-digest.reader-440100e76000-4161c1c0b716----7-73------------------f07c586e_bfc2_45f5_9d4d_15a1c9b23a1d-1)

I Tested Google Stitch AI and Discovered (The End of UI Designers)
I never thought AI could get so good at UX/UI designâ€¦

5 min read
630
16

B V Sarath Chandra (https://medium.com/@bvsarathc06?source=email-4acab06619a6-1750492169159-digest.reader-f2ba5b8f6eb3-e2a761d6bcbe----8-73------------------f07c586e_bfc2_45f5_9d4d_15a1c9b23a1d-1)
inData Engineer Things (https://medium.com/data-engineer-things?source=email-4acab06619a6-1750492169159-digest.reader-f2ba5b8f6eb3-e2a761d6bcbe----8-73------------------f07c586e_bfc2_45f5_9d4d_15a1c9b23a1d-1)

I Thought I Knew PySparkâ€Š-â€ŠUntil This Interview Exposed My Blind Spots
A few months ago, I walked into a PySpark interviewâ€¦

4 min read
613
9

Reza Bagheri (https://medium.com/@reza-bagheri79?source=email-4acab06619a6-1750492169159-digest.reader-8993e01dcfd3-3585d1c409d9----9-102------------------f07c586e_bfc2_45f5_9d4d_15a1c9b23a1d-1)
inData Science Collective (https://medium.com/data-science-collective?source=email-4acab06619a6-1750492169159-digest.reader-8993e01dcfd3-3585d1c409d9----9-102------------------f07c586e_bfc2_45f5_9d4d_15a1c9b23a1d-1)

A Visual Understanding of Positional Encoding in Transformers
Learn the math and intuition behind positionalâ€¦

14 min read
188
2

true.gentlemen.club (https://medium.com/@true.gentlemen.club?source=email-4acab06619a6-1750492169159-digest.reader-bab2cb40a1f0-8fd2a00c486c----10-73------------------f07c586e_bfc2_45f5_9d4d_15a1c9b23a1d-1)
inThe Gentleman's Edge (https://medium.com/the-gentlemen-edge?source=email-4acab06619a6-1750492169159-digest.reader-bab2cb40a1f0-8fd2a00c486c----10-73------------------f07c586e_bfc2_45f5_9d4d_15a1c9b23a1d-1)

A Disciplined Man Is a Dangerous Man (Here's How to Become One)
Stop letting feelings hijack your day. Buildâ€¦

6 min read
1.5K
45

Herman Mostein (https://medium.com/@mosteinherman?source=email-4acab06619a6-1750492169159-digest.reader-8993e01dcfd3-110e2d5a077e----11-102------------------f07c586e_bfc2_45f5_9d4d_15a1c9b23a1d-1)
inData Science Collective (https://medium.com/data-science-collective?source=email-4acab06619a6-1750492169159-digest.reader-8993e01dcfd3-110e2d5a077e----11-102------------------f07c586e_bfc2_45f5_9d4d_15a1c9b23a1d-1)

What Are Ensemble Methods?
A modern view on how collaboration improves Machineâ€¦

7 min read
61
2

Shubham Kumbhar (https://medium.com/@usersk7?source=email-4acab06619a6-1750492169159-digest.reader-8710d602b106-ddada4c47c29----12-73------------------f07c586e_bfc2_45f5_9d4d_15a1c9b23a1d-1)
inThe Curiosity Ledger (https://medium.com/the-curiosity-ledger?source=email-4acab06619a6-1750492169159-digest.reader-8710d602b106-ddada4c47c29----12-73------------------f07c586e_bfc2_45f5_9d4d_15a1c9b23a1d-1)

30 Days. 1 Rule. Total Focus.
That Rewired My Focus and Changed My Life

4 min read
1.6K
36

Tom Addison (https://medium.com/@tomaddison111198?source=email-4acab06619a6-1750492169159-digest.reader-30d32c722963-1e5c4508c1e7----13-73------------------f07c586e_bfc2_45f5_9d4d_15a1c9b23a1d-1)
inChange Your Mind Change Your Life (https://medium.com/change-your-mind?source=email-4acab06619a6-1750492169159-digest.reader-30d32c722963-1e5c4508c1e7----13-73------------------f07c586e_bfc2_45f5_9d4d_15a1c9b23a1d-1)

9 Marcus Aurelius Quotes You'll Never Forget
9. ""You could be good today, but instead you chooseâ€¦

3 min read
2.5K
60

Viktoria Verde, PhD (https://medium.com/@viktoriaverde1?source=email-4acab06619a6-1750492169159-digest.reader-5cfdd2fe197-1b7e8d6ae260----14-109------------------f07c586e_bfc2_45f5_9d4d_15a1c9b23a1d-1)
inLanguage Lab (https://medium.com/language-lab?source=email-4acab06619a6-1750492169159-digest.reader-5cfdd2fe197-1b7e8d6ae260----14-109------------------f07c586e_bfc2_45f5_9d4d_15a1c9b23a1d-1)

How to Learn 5,000 Words (and More) Without Flashcards
My top 13 science-backed strategies for building aâ€¦

18 min read
1.8K
56

See more of what you like and less of what you don't.
Control your recommendations (https://medium.com/me/missioncontrol?source=email-4acab06619a6-1750492169159-digest.reader-------------------------f07c586e_bfc2_45f5_9d4d_15a1c9b23a1d)

Read from anywhere.

Sent by Medium (https://medium.com/?source=email-4acab06619a6-1750492169159-digest.reader-------------------------f07c586e_bfc2_45f5_9d4d_15a1c9b23a1d)
Â·3500 South DuPont Highway, Suite IQ-101, Dover,Â DEÂ 19901
Unsubscribe (https://medium.com/me/email-settings/4acab06619a6/4392f83374c6?type=social&source=email-4acab06619a6-1750492169159-digest.reader-------------------------f07c586e_bfc2_45f5_9d4d_15a1c9b23a1d)
 from this type of emailÂ·Switch to the Weekly Digest (https://medium.com/me/email-settings/4acab06619a6/4392f83374c6?type=social&preference=2&source=email-4acab06619a6-1750492169159-digest.reader-------------------------f07c586e_bfc2_45f5_9d4d_15a1c9b23a1d)
Â·Careers (https://medium.com/jobs-at-medium/work-at-medium-959d1a85284e?source=email-4acab06619a6-1750492169159-digest.reader-------------------------f07c586e_bfc2_45f5_9d4d_15a1c9b23a1d)
Â·Help Center (https://help.medium.com/hc/en-us?source=email-4acab06619a6-1750492169159-digest.reader-------------------------f07c586e_bfc2_45f5_9d4d_15a1c9b23a1d)
Â·Privacy Policy (https://policy.medium.com/medium-privacy-policy-f03bf92035c9?source=email-4acab06619a6-1750492169159-digest.reader-------------------------f07c586e_bfc2_45f5_9d4d_15a1c9b23a1d)
Â·Terms of service (https://policy.medium.com/medium-terms-of-service-9db0094a1e0f?source=email-4acab06619a6-1750492169159-digest.reader-------------------------f07c586e_bfc2_45f5_9d4d_15a1c9b23a1d)",Insurance - 7
"""hirist.tech"" <info@hirist.tech>",Top Matching Jobs from Leading IT/Tech Companies,Please Enable Javascript,Reminders - 2
"""hirist.tech"" <info@hirist.tech>",Interesting Job Opportunity Semarchy MDM Consultant (5-6 yrs),Please Enable Javascript,Reminders - 2
Team BankBazaar <creditcard+ratealert@bankbazaar.com>,DELIVERED TO INBOX: SBI Credit Card OFFER,"
























Hi Rakshith, 
        Review your SBI Credit Card ðŸ’³ offer before it expires on 30/06/2025. 
        - Up to 5,00,000 limit*
        - No income docs* 
        *TnC apply. 
  View Offer >>  

        Bank you very much,
        Team BankBazaar







This is an auto-generated email. Please do not reply. Approval of all financial products is at the sole discretion of banks/financial institutions. All trademarks used in this emailer are the property of their respective owners. You are receiving this email because you have authorised BankBazaar.com to send you information about its products. For more details please visit BankBazaar's website / mobile app. *Terms & Conditions apply. Don't want to hear from us? Click here to opt out.












Unsubscribe | Report Spam




",Reminders - 2
Swiggy Dineout <no-reply@swiggy.in>,Open if you like FREE stuff!,"Email Template

 



 

 

 

 


 

 

 

 

 

 

 

 

 

 

 

 

 

 

 

 

 

 

 

 

 


 


--Click Here to unsubscribe from this newsletter.

",Reminders - 2
"""hirist.tech"" <info@hirist.tech>",10+ Matching Jobs  based on your preferences from Leading Companies,Please Enable Javascript,Reminders - 2
Spotify <no-reply@spotify.com>,Play it back with Spotify Premium. Get 3 months for â‚¹119.,"Spotify Premium https://www.spotify.com/purchase/offer/2024-q2globalcampaign-intro/?marketing-campaign-id=2024-midyear&utm_source=spotify&utm_medium=email&utm_campaign=2024_midyear&splot=8W4roHmLT6iAhw1uaiZt8w
Dance once more to offline, ad-free music listening.


Bring all the tunes to match your vibe. Download the music that moves you with 3 months of Premium for â‚¹119.


Rejoin Premium ( https://www.spotify.com/in-en/premium/ )


Welcome back offer for Individual plan. 3 Months for â‚¹119. â‚¹119/month after trial. Terms and conditions apply. ( https://www.spotify.com/legal/premium-promotional-offer-terms/ ) Redeemable by users whose Premium access ended over 30 days ago and who have not taken a welcome back offer in the last 24 months. Offer ends June 02, 2025. Clicking the button will log you into your Spotify account, where you can choose to accept this offer. Do not forward this email to anyone not authorized to access your account.


-------------

Get Spotify for:
  * iPhone (https://itunes.apple.com/app/spotify-music/id324684580)
  * iPad (https://itunes.apple.com/app/spotify-music/id324684580)
  * Android (https://play.google.com/store/apps/details?id=com.spotify.music)
  * Other (https://www.spotify.com/download/)

This message was sent to rakshithkk40@gmail.com.
If you don't want to receive these emails from Spotify in the future, you can
edit your profile
(https://www.spotify.com/account/notifications)
or
unsubscribe
(https://www.spotify.com/account/unsubscribe?t=JcVLDsAQEADQq7iApD7DOI4aE6KhQRe9fRd9mzdjW6Xu0po9RB%2B78ivX%2FT%2BY81wydpLn0%2BnKSyRNJgBmBmsc6kjaoIIMLiAnYO8ZfbDq%2BAA%3D&a=unsubscribe)


  * Terms of Use https://www.spotify.com/legal/end-user-agreement/
  * Privacy Policy https://www.spotify.com/legal/privacy-policy/
  * Contact Us https://www.spotify.com/about-us/contact/


Spotify AB, Regeringsgatan 19, 111 53, Stockholm, Sweden
",Newsletters - 7
ETTelecom Latest News <newsletter@ettelecom.com>,"Bharti to invest â‚¹313 crore in Eutelsat | BT, Vodafone troubled by dark side of AI | Cognizant to invest $183 mn India, create 8,000 jobs",,Transportation - 3
"""Alan Chandler (via Twitter)"" <notify@x.com>",Alan Chandler (@AlanChandl22234) has added you to a group conversation on Twitter!,"** Twitter

Alan Chandler added you to a private conversationand said: ""Hi! I'm the manager of LifestylePop, a growing platform that partners with leading luxury brands. We're currently hiring creative and ...""

Join in
> https://www.twitter.com/messages/1936272812999651712?user_id=789659022852968448&group_msg=true&refsrc=email

--------------------

    Alan Chandler, Nazly Ahmed, ManDark & 100 others


--------------------

What is this?

You can now enjoy group conversations in Direct Messages on Twitter. This feature is supported on iPhone, Android, and twitter.com.

Learn more
> https://support.twitter.com/articles/14606

===================================

Settings
> https://www.twitter.com/settings/email_notifications?cn=bWVzc2FnZV9qb2luX2NvbnZlcnNhdGlvbg%3D%3D

Help
> https://support.twitter.com?cn=bWVzc2FnZV9qb2luX2NvbnZlcnNhdGlvbg%3D%3D

Opt-out
> https://twitter.com/i/u?t=1&cn=ZG1fam9pbl9jb252ZXJzYXRpb25fZW1haWw%3D&sig=d04bc82eb2903b6382cc51ee69c0eef3f1f46ab3&iid=a494fcda3fda4cd2bcab7f52f735aa9c&uid=789659022852968448&nid=244+26&usbid=15

Download app
> https://twitter.com/download

X Corp. 1355 Market Street, Suite 900 San Francisco, CA 94103

====================================
",Reminders - 2
"""hirist.tech"" <info@hirist.tech>",10+ Matching Jobs from Top IT/Tech Companies based on your preferences,Please Enable Javascript,Reminders - 2
Reddit <noreply@redditmail.com>,"""CELPIP Results""",,Real Estate - 6
Team CFI <learning@corporatefinanceinstitute.com>,Welcome to CFI! 5 Easy Steps to Power your Career ðŸš€,"In a competitive market, CFI helps you stand out.

https://corporatefinanceinstitute.com/

Power your career in finance with CFI. CFI helps learners:
 
Thrive at Work: Work smarter, solve problems, and make a difference. CFI unlocks the tools you need to excel.

Stand Out: Showcase your expertise with an industry-recognized CFI credential. Get noticed, get respected.

Own your Career: Turn your goals into reality with CFI's courses and certifications. Learn more, achieve more.


Boost your Earning Potential: Develop job-ready skills that can lead to higher salaries and promotions.

Act now to save 40% off â€“ this offer ends today. Use code MAY40

*Use code MAY40 at checkout to save 40% on Self-Study or Full-Immersion all-access memberships before April 10, 2024 at 11:59pm PT. Prices are in USD. Contact us if you have any questions


[YouTube](https://www.youtube.com/c/Corporatefinanceinstitute-CFI)

[Instagram](https://www.instagram.com/corporatefinanceinstitute/)

[Custom](https://www.tiktok.com/@cfi_edu)

[Facebook](https://www.facebook.com/corporatefinanceinstitute.CFI/)

[Review us on G2](https://www.g2.com/products/corporate-finance-institute/reviews)Â  Â Â | Â  Â [Review us on Trustpilot](https://www.trustpilot.com/review/corporatefinanceinstitute.com)

Â© 2015 to 2025 CFI Education Inc.

[801-750 W Pender St, Vancouver, British Columbia V6C 2T8](https://www.google.com/maps/place/Cfi+Education+Inc/@49.2848276,-123.1160066,19.11z/data=!4m5!3m4!1s0x54867182754e2037:0x9a27295037723eab!8m2!3d49.2849213!4d-123.1155756?shorturl=1)

Unsubscribe | Manage Preferences",Reminders - 2
Team CFI <noreply@corporatefinanceinstitute.com>,Welcome to the Corporate Finance InstituteÂ® (CFI),,Reminders - 2
